{
  "provinces": [
    {
      "name": "重庆市",
      "code": "50",
      "cities": ["渝中区", "江北区", "沙坪坝区", "九龙坡区", "南岸区", "北碚区", "渝北区", "巴南区", "涪陵区", "綦江区", "大足区", "合川区", "永川区", "江津区", "南川区"]
    },
    {
      "name": "山西省",
      "code": "14",
      "cities": ["太原市", "大同市", "阳泉市", "长治市", "晋城市", "朔州市", "晋中市", "运城市", "忻州市", "临汾市", "吕梁市"]
    },
    {
      "name": "辽宁省",
      "code": "21",
      "cities": ["沈阳市", "大连市", "鞍山市", "抚顺市", "本溪市", "丹东市", "锦州市", "营口市", "阜新市", "辽阳市", "盘锦市", "铁岭市", "朝阳市", "葫芦岛市"]
    },
    {
      "name": "吉林省",
      "code": "22",
      "cities": ["长春市", "吉林市", "四平市", "辽源市", "通化市", "白山市", "松原市", "白城市", "延边朝鲜族自治州"]
    },
    {
      "name": "黑龙江省",
      "code": "23",
      "cities": ["哈尔滨市", "齐齐哈尔市", "鸡西市", "鹤岗市", "双鸭山市", "大庆市", "伊春市", "佳木斯市", "七台河市", "牡丹江市", "黑河市", "绥化市", "大兴安岭地区"]
    },
    {
      "name": "安徽省",
      "code": "34",
      "cities": ["合肥市", "芜湖市", "蚌埠市", "淮南市", "马鞍山市", "淮北市", "铜陵市", "安庆市", "黄山市", "滁州市", "阜阳市", "宿州市", "六安市", "亳州市", "池州市", "宣城市"]
    },
    {
      "name": "福建省",
      "code": "35",
      "cities": ["福州市", "厦门市", "莆田市", "三明市", "泉州市", "漳州市", "南平市", "龙岩市", "宁德市"]
    },
    {
      "name": "江西省",
      "code": "36",
      "cities": ["南昌市", "景德镇市", "萍乡市", "九江市", "新余市", "鹰潭市", "赣州市", "吉安市", "宜春市", "抚州市", "上饶市"]
    },
    {
      "name": "山东省",
      "code": "37",
      "cities": ["济南市", "青岛市", "淄博市", "枣庄市", "东营市", "烟台市", "潍坊市", "济宁市", "泰安市", "威海市", "日照市", "临沂市", "德州市", "聊城市", "滨州市", "菏泽市"]
    },
    {
      "name": "河南省",
      "code": "41",
      "cities": ["郑州市", "开封市", "洛阳市", "平顶山市", "安阳市", "鹤壁市", "新乡市", "焦作市", "濮阳市", "许昌市", "漯河市", "三门峡市", "南阳市", "商丘市", "信阳市", "周口市", "驻马店市"]
    },
    {
      "name": "湖北省",
      "code": "42",
      "cities": ["武汉市", "黄石市", "十堰市", "宜昌市", "襄阳市", "鄂州市", "荆门市", "孝感市", "荆州市", "黄冈市", "咸宁市", "随州市", "恩施土家族苗族自治州"]
    },
    {
      "name": "湖南省",
      "code": "43",
      "cities": ["长沙市", "株洲市", "湘潭市", "衡阳市", "邵阳市", "岳阳市", "常德市", "张家界市", "益阳市", "郴州市", "永州市", "怀化市", "娄底市", "湘西土家族苗族自治州"]
    },
    {
      "name": "广东省",
      "code": "44",
      "cities": ["广州市", "韶关市", "深圳市", "珠海市", "汕头市", "佛山市", "江门市", "湛江市", "茂名市", "肇庆市", "惠州市", "梅州市", "汕尾市", "河源市", "阳江市", "清远市", "东莞市", "中山市", "潮州市", "揭阳市", "云浮市"]
    },
    {
      "name": "海南省",
      "code": "46",
      "cities": ["海口市", "三亚市", "三沙市", "儋州市", "五指山市", "琼海市", "文昌市", "万宁市", "东方市", "定安县", "屯昌县", "澄迈县", "临高县", "白沙黎族自治县", "昌江黎族自治县", "乐东黎族自治县", "陵水黎族自治县", "保亭黎族苗族自治县", "琼中黎族苗族自治县"]
    },
    {
      "name": "四川省",
      "code": "51",
      "cities": ["成都市", "自贡市", "攀枝花市", "泸州市", "德阳市", "绵阳市", "广元市", "遂宁市", "内江市", "乐山市", "南充市", "眉山市", "宜宾市", "广安市", "达州市", "雅安市", "巴中市", "资阳市", "阿坝藏族羌族自治州", "甘孜藏族自治州", "凉山彝族自治州"]
    },
    {
      "name": "贵州省",
      "code": "52",
      "cities": ["贵阳市", "六盘水市", "遵义市", "安顺市", "毕节市", "铜仁市", "黔西南布依族苗族自治州", "黔东南苗族侗族自治州", "黔南布依族苗族自治州"]
    },
    {
      "name": "云南省",
      "code": "53",
      "cities": ["昆明市", "曲靖市", "玉溪市", "保山市", "昭通市", "丽江市", "普洱市", "临沧市", "楚雄彝族自治州", "红河哈尼族彝族自治州", "文山壮族苗族自治州", "西双版纳傣族自治州", "大理白族自治州", "德宏傣族景颇族自治州", "怒江傈僳族自治州", "迪庆藏族自治州"]
    },
    {
      "name": "陕西省",
      "code": "61",
      "cities": ["西安市", "铜川市", "宝鸡市", "咸阳市", "渭南市", "延安市", "汉中市", "榆林市", "安康市", "商洛市"]
    },
    {
      "name": "甘肃省",
      "code": "62",
      "cities": ["兰州市", "嘉峪关市", "金昌市", "白银市", "天水市", "武威市", "张掖市", "平凉市", "酒泉市", "庆阳市", "定西市", "陇南市", "临夏回族自治州", "甘南藏族自治州"]
    },
    {
      "name": "青海省",
      "code": "63",
      "cities": ["西宁市", "海东市", "海北藏族自治州", "黄南藏族自治州", "海南藏族自治州", "果洛藏族自治州", "玉树藏族自治州", "海西蒙古族藏族自治州"]
    },
    {
      "name": "广西壮族自治区",
      "code": "45",
      "cities": ["南宁市", "柳州市", "桂林市", "梧州市", "北海市", "防城港市", "钦州市", "贵港市", "玉林市", "百色市", "贺州市", "河池市", "来宾市", "崇左市"]
    },
    {
      "name": "西藏自治区",
      "code": "54",
      "cities": ["拉萨市", "日喀则市", "昌都市", "林芝市", "山南市", "那曲市", "阿里地区"]
    },
    {
      "name": "宁夏回族自治区",
      "code": "64",
      "cities": ["银川市", "石嘴山市", "吴忠市", "固原市", "中卫市"]
    },
    {
      "name": "新疆维吾尔自治区",
      "code": "65",
      "cities": ["乌鲁木齐市", "克拉玛依市", "吐鲁番市", "哈密市", "昌吉回族自治州", "博尔塔拉蒙古自治州", "巴音郭楞蒙古自治州", "阿克苏地区", "克孜勒苏柯尔克孜自治州", "喀什地区", "和田地区", "伊犁哈萨克自治州", "塔城地区", "阿勒泰地区"]
    },
    {
      "name": "香港特别行政区",
      "code": "81",
      "cities": ["香港岛", "九龙半岛", "新界"]
    },
    {
      "name": "澳门特别行政区",
      "code": "82",
      "cities": ["澳门半岛", "氹仔岛", "路环岛"]
    },
    {
      "name": "台湾省",
      "code": "71",
      "cities": ["台北市", "新北市", "桃园市", "台中市", "台南市", "高雄市", "基隆市", "新竹市", "嘉义市"]
    }
  ]
}